TimeAdded,Artist,Description,timestamp,link,ShabadId
NA,"Bhai Harpreet Singh Ji Toronto",Aaoo Hamare Raam Pyare Jio,00:37:18,https://akj.media/Media/Keertan/NewYork/2016/046_NewYork_Aug2016_SatE_RSK_BhaiHarpreetSinghJeeToronto.mp3,699
NA,"Bhai Mohinder Singh Ji SDO",Nayee suniya man triptiyaaa and suniyaa pauirss,00:29:00,https://daasstorage13.blob.core.windows.net/ds1/audios/keertan/sdo/yt_mga/649 MGA SDO 1611 Sarwani kirtan Suno Din Raati LD A 01 1978 Old Spool KS 1 Top Most.m4a,1440
NA,"Bhai Mohinder Singh Ji SDO",Sanmukh Seh Ban,00:34:40,https://daasstorage13.blob.core.windows.net/ds1/audios/keertan/sdo/yt_mga/649 MGA SDO 1611 Sarwani kirtan Suno Din Raati LD A 01 1978 Old Spool KS 1 Top Most.m4a,1693
NA,"Bhai Mohinder Singh Ji SDO",Dhun Meh Dhyan Simran,00:37:00,https://daasstorage13.blob.core.windows.net/ds1/audios/keertan/sdo/yt_mga/649 MGA SDO 1611 Sarwani kirtan Suno Din Raati LD A 01 1978 Old Spool KS 1 Top Most.m4a,3285
NA,"Bhai Mohinder Singh Ji SDO","Gobind Jio ,Mere Man tan Naam har bidhe",00:40:00,https://daasstorage13.blob.core.windows.net/ds1/audios/keertan/sdo/yt_mga/649 MGA SDO 1611 Sarwani kirtan Suno Din Raati LD A 01 1978 Old Spool KS 1 Top Most.m4a,4195
NA,"Bhai Mohinder Singh Ji SDO",Simran track,00:00:00, https://daasstorage13.blob.core.windows.net/ds1/audios/keertan/sdo/yt_mga/213 MGA SDO 1178 40 A.m4a,
NA,"Bhai Mohinder Singh Ji SDO",Bhinee raanRiyee,00:09:45,https://daasstorage13.blob.core.windows.net/ds1/audios/keertan/sdo/yt_mga/241 MGA SDO 1206 54 A.m4a,1689
NA,"Bhai Mohinder Singh Ji SDO",Partach ridya gur arjan kaa har puran bhram nivas liyoo,00:00:45,https://daasstorage13.blob.core.windows.net/ds1/audios/keertan/sdo/yt_mga/595 MGA SDO 1557 Sab Kish Pura Hirde MSA 003 ASR 1979.m4a,5479
NA,"Bhai Mohinder Singh Ji SDO",Amrit naam swami tera,0:00:00,https://daasstorage13.blob.core.windows.net/ds1/audios/keertan/sdo/yt_mga/121 MGA SDO 1087 SM.m4a,4285
NA,"Bhai Mohinder Singh Ji SDO",Koi ava Santo,00:14:55,https://daasstorage13.blob.core.windows.net/ds1/audios/keertan/sdo/yt_mga/021 MGA SDO 1021 smpk 19 Gur Satgur Vich Nave Ke Vaddi vaadai.m4a,4263
NA,"Bhai Mohinder Singh Ji SDO",Bhaj man mere ekyo naam,00:27:00,https://daasstorage13.blob.core.windows.net/ds1/audios/keertan/sdo/yt_mga/021 MGA SDO 1021 smpk 19 Gur Satgur Vich Nave Ke Vaddi vaadai.m4a,600
NA,"Bhai Mohinder Singh Ji SDO",Se sanjyog ,00:40:00,https://daasstorage13.blob.core.windows.net/ds1/audios/keertan/sdo/yt_mga/021 MGA SDO 1021 smpk 19 Gur Satgur Vich Nave Ke Vaddi vaadai.m4a,2845
NA,"Bhai Mohinder Singh Ji SDO",Gurmukh sakhi laheli meri,01:03:40,https://daasstorage13.blob.core.windows.net/ds1/audios/keertan/sdo/yt_mga/021 MGA SDO 1021 smpk 19 Gur Satgur Vich Nave Ke Vaddi vaadai.m4a,1842
NA,"Bhai Mohinder Singh Ji SDO",Jagat meh chuuthi deki preet,00:22:00,https://daasstorage13.blob.core.windows.net/ds1/audios/keertan/sdo/yt_mga/543 MGA SDO 1505 123A Sabh Dhan kaho Gur Satgur.m4a,2069
NA,"Bhai Mohinder Singh Ji SDO",Sab papi tareya,00:09:30,https://daasstorage13.blob.core.windows.net/ds1/audios/keertan/sdo/yt_mga/553 MGA SDO 1515 Tere Jan Dekhan Paavaan 403 Delhi 1974.m4a,232
NA,"Bhai Mohinder Singh Ji SDO",Tin jam neR na avA Gur Shabad Kamavaa,00:00:00,https://daasstorage13.blob.core.windows.net/ds1/audios/keertan/sdo/yt_mga/553 MGA SDO 1515 Tere Jan Dekhan Paavaan 403 Delhi 1974.m4a,1657
NA,"Bhai Mohinder Singh Ji SDO",Satgur Shabad ojaro deepa,0:00,https://daasstorage13.blob.core.windows.net/ds1/audios/keertan/sdo/yt_mga/239 MGA SDO 1204 53 A.m4a,3100
NA,"Bhai Mohinder Singh Ji SDO",Bhini ranRiye,00:24:50,https://daasstorage13.blob.core.windows.net/ds1/audios/keertan/sdo/yt_mga/239 MGA SDO 1204 53 A.m4a,1689
NA,"Bhai Mohinder Singh Ji SDO",Anand anand sab ko kahaa ,00:04:35,https://daasstorage13.blob.core.windows.net/ds1/audios/keertan/sdo/yt_mga/229 MGA SDO 1194 48 A.m4a,3380
NA,"Bhai Mohinder Singh Ji SDO",(Gursikhi barik haa)gur sikhee baareek hai sil chaTan fikee,00:23:00,https://daasstorage13.blob.core.windows.net/ds1/audios/keertan/sdo/yt_mga/229 MGA SDO 1194 48 A.m4a,11216
NA,"Bhai Mohinder Singh Ji SDO",Bhaj man mere eko naam,00:00:00,https://daasstorage13.blob.core.windows.net/ds1/audios/keertan/sdo/yt_mga/249 MGA SDO 1214 58 A.m4a,3380
NA,"Bhai Mohinder Singh Ji SDO",Sadhu bin Ase abgat,00:00:00,https://daasstorage13.blob.core.windows.net/ds1/audios/keertan/sdo/yt_mga/700 MGA SDO 1662 Sadhu Bin Ase Abgat Jave 03 1962 Anp Sahib Spool KS 67.m4a,3265
NA,"Bhai Mohinder Singh Ji SDO",Gur Amrit har much choiyaa,00:32:50,https://daasstorage13.blob.core.windows.net/ds1/audios/keertan/sdo/yt_mga/700 MGA SDO 1662 Sadhu Bin Ase Abgat Jave 03 1962 Anp Sahib Spool KS 67.m4a,2074
NA,"Bhai Mohinder Singh Ji SDO",Har naam dyaiyaa Shabad raas payiaa,00:01:00,https://daasstorage13.blob.core.windows.net/ds1/audios/keertan/sdo/yt_mga/252 MGA SDO 1217 59 B.m4a,3998
NA,"Bhai Mohinder Singh Ji SDO",Jin Jan gurmukh seviya (attempt lol),00:00:00,https://daasstorage13.blob.core.windows.net/ds1/audios/keertan/sdo/yt_mga/117 MGA SDO 1083 M 32 B GURU LINE IN TRACK 03.m4a,3932
NA,"Bhai Mohinder Singh Ji SDO",Ari bhai gobind naam mat veesraa,00:23:00,https://daasstorage13.blob.core.windows.net/ds1/audios/keertan/sdo/yt_mga/452 MGA SDO 1414 Mai Sat Sat Sat India 1980s.m4a,2021
NA,"Bhai Mohinder Singh Ji SDO",Nikas re pankhi simar har,00:21:44,https://www.youtube.com/watch?v=I2e6XPJF8EY,652
NA,"Bhai Mohinder Singh Ji SDO",Tudh bin quo saraa,00:34:30,https://www.youtube.com/watch?v=I2e6XPJF8EY,3167
NA,"Bhai Mohinder Singh Ji SDO",Dhan so vela,00:00:00,https://daasstorage13.blob.core.windows.net/ds1/audios/keertan/sdo/yt_mga/392 MGA SDO 1357 M 109 A 1 Dhan So Vela Jit Mai Satgur Milyia.m4a,1660
NA,"Bhai Mohinder Singh Ji SDO",Hau aya dooro chal keee(gunvanti),00:00:00,https://daasstorage13.blob.core.windows.net/ds1/audios/keertan/sdo/yt_mga/002 MGA SDO 1002 SDOBradford2 How Ayaaia Dooro Chalke.m4a,2890
NA,"Bhai Mohinder Singh Ji SDO",Har har bhagat driraavo,00:08:45,https://daasstorage13.blob.core.windows.net/ds1/audios/keertan/sdo/yt_mga/002 MGA SDO 1002 SDOBradford2 How Ayaaia Dooro Chalke.m4a,2657
NA,"Bhai Mohinder Singh Ji SDO",Dhanvant naam ke vanjare,00:23:00,https://daasstorage13.blob.core.windows.net/ds1/audios/keertan/sdo/yt_mga/002 MGA SDO 1002 SDOBradford2 How Ayaaia Dooro Chalke.m4a,4346
NA,"Shamsher Singh",Naam Japandari Lali,00:00:00,http://sgpc.net/puratan-kirtan/SHAMSHER SINGH/14_Bhai_ShemSher_Singh_Jee_Bhai_MohanPal_Singh_Jee_Gur_Darshan_Dekh_Nihalae%5B1%5D.mp3,3569
1676779637,"Bhai Joginder Singh Talwara",Udho na kaga,00:00:00,https://www.ikirtan.com//Bhai_Joginder_Singh_Jee_Talwara/Bhaaee Joginder Singh %28Uddoh na kaagaa kaarey%29.mp3,1360
1676780227,"Bhai Tejinderpal Singh Ji Dulla",Gur ki Bani vitho,00:00:00,https://daasstorage13.blob.core.windows.net/ds1/audios/keertan/dulla_ji/sc/scottishsikhs/Gur Kee Baanee Vittahu Vaariaa Bhaaee Gur Sabadh Vittahu Bal Jaaee (Dulla Ji).mp3,4190
1676781057,"Bhai Tejinderpal Singh Ji Dulla",Mera mat pita har raia ,00:00:00,https://daasstorage13.blob.core.windows.net/ds1/audios/keertan/dulla_ji/sc/scottishsikhs/Maeraa Maath Pithaa Har Raaeiaa (Dulla Ji).mp3,2376
1676821047,"Bhai Mohinder Singh Ji SDO",Maa Prem ras paya ,00:00:00,https://daasstorage13.blob.core.windows.net/ds1/audios/keertan/sdo/yt_mga/301 MGA SDO 1266 M 23 B 1.m4a,1449
1676833907,Bhai Mehar Singh Ji,dha(n)nu su dhes jahaa too(n) vasiaa,00:00:00,http://sikhsoul.com/golden_khajana_files/mp3/Keertan/Bhai Mehar Singh/Bhai Mehar Singh - Dhannu Su Dhes Jahaa Toon Vasiaa.mp3,276
1676839713,"Bhai Mohinder Singh Ji SDO",Prabh milne ki eh nishani,00:04:00,https://daasstorage13.blob.core.windows.net/ds1/audios/keertan/sdo/yt_mga/611 MGA SDO 1573 Gur Poore Charan Kamal Man Voothe Delhi 1990 JS.m4a,310
1676839947,"Bhai Mohinder Singh Ji SDO",Ab man Chout gyaa,00:00:00,https://daasstorage13.blob.core.windows.net/ds1/audios/keertan/sdo/yt_mga/612 MGA SDO 1574 Ab Man Choot Gyiae HSP 03 1958 SPOOL KS 4 Top Most.m4a,2686
1676840977,"Bhai Harpreet Singh Ji Toronto",Vari tin vari java,00:15:00,https://akj.media/Media/Keertan/Toronto/2006/082_Toronto_Dec2006_ThuE_AK_BhaiHarpreetSinghJeeToronto.mp3,1676
1676842913,"Bhai Mohinder Singh Ji SDO",akv Har Raam jap laha ,00:02:00,https://daasstorage13.blob.core.windows.net/ds1/audios/keertan/sdo/yt_mga/212 MGA SDO 1177 39 B.m4a,2038
1676843694,"Bhai Mohinder Singh Ji SDO",Fire mangals in beginning. Then bhagat so hey ,00:06:00,http://sikhsoul.com/golden_khajana_files/mp3/Keertan/Bhai Mohinder Singh SDO/Bhagat Sohey Guhn Gavday.mp3,
1676857526,"Bhai Harpreet Singh Ji Toronto",Prabh mil be ko preet man lagiw,00:36:00,https://akj.media/Media/Keertan/NewJersey/1993/001_NewJersey_Dec1993_SatE_RSK_BhaiHarpreetSinghJeeToronto.mp3,651
1676866315,"Bhai Tejinderpal Singh Ji Dulla",Milho pyara jee,00:22:40,https://daasstorage13.blob.core.windows.net/ds1/audios/keertan/dulla_ji/yt/D 172 MGA DULLA 172 Bin Bhaagaa Sathasang N Labhai 1998 Moga-ksLU7QaHS2c.mp3,662
1676867068,"Bhai Tejinderpal Singh Ji Dulla",Santan ka Dana rooka,00:33:40,https://daasstorage13.blob.core.windows.net/ds1/audios/keertan/dulla_ji/yt/D 172 MGA DULLA 172 Bin Bhaagaa Sathasang N Labhai 1998 Moga-ksLU7QaHS2c.mp3,3057
1676867686,"Bhai Tejinderpal Singh Ji Dulla",Nanak daas ehi daan manga ,00:54:30,https://daasstorage13.blob.core.windows.net/ds1/audios/keertan/dulla_ji/yt/D 172 MGA DULLA 172 Bin Bhaagaa Sathasang N Labhai 1998 Moga-ksLU7QaHS2c.mp3,3114
1677272568,"Bhai Mohinder Singh Ji SDO",Dhan guru Arjan dev sahib ji,00:05:00,https://daasstorage13.blob.core.windows.net/ds1/audios/keertan/sdo/goldenKhajana/330) Soee Hoaa Jo This Bhaanaa Avar N Kin Hee Keethaa.mp3,662
1677274800,"Bhai Mohinder Singh Ji SDO",Suchaji. Connects soe hoa jo tis bhana -> bhana takhat vadiyaa. Brilliant!!,00:18:53,http://sikhsoul.com/golden_khajana_files/mp3/Keertan/Bhai Mohinder Singh SDO/Soee Hoaa Jo This Bhaanaa Avar N Kin Hee Keethaa.mp3,2889
1677276575,"Bhai Mohinder Singh Ji SDO",Mere Raam rai muj te cachu na hoie. Sri mukhvach patshai 5 at 1:07:25,1:06:45,http://sikhsoul.com/golden_khajana_files/mp3/Keertan/Bhai Mohinder Singh SDO/Soee Hoaa Jo This Bhaanaa Avar N Kin Hee Keethaa.mp3,2866
1677276825,"Bhai Mohinder Singh Ji SDO",Ari bhai gobind naam mat beesraa ,00:14:30,http://sikhsoul.com/golden_khajana_files/mp3/Keertan/Bhai Mohinder Singh SDO/Aadhi Such Jugaadi Such.mp3,2021
1677277106,"Bhai Mohinder Singh Ji SDO",Cool katha lol. Updesh je dita satguru. And sarabloh maharaj Vaheguru mantar. Vaheguru gurshabad haa,00:39:20,http://sikhsoul.com/golden_khajana_files/mp3/Keertan/Bhai Mohinder Singh SDO/Aadhi Such Jugaadi Such.mp3,
1677277276,"Bhai Mohinder Singh Ji SDO",Gur ka bachan basaa ji nale ,00:52:10,http://sikhsoul.com/golden_khajana_files/mp3/Keertan/Bhai Mohinder Singh SDO/Eae Man Piaariaa Thoo Sadhaa Sach Samaalae.mp3,2594
1677283958,"Bhai Mohinder Singh Ji SDO",Dhan so Vela,00:00:00,http://sikhsoul.com/golden_khajana_files/mp3/Keertan/Bhai Mohinder Singh SDO/Eae Man Maeriaa Thoo Kiaa Lai Aaeiaa Kiaa Lai Jaaeisee Raam.mp3,3998
1677284163,"Bhai Mohinder Singh Ji SDO",Saas saas dhiyavo mukh nahi mora. Prabh ji ko naam ant pukroraa,00:01:25,http://sikhsoul.com/golden_khajana_files/mp3/Keertan/Bhai Mohinder Singh SDO/Eae Man Maeriaa Thoo Kiaa Lai Aaeiaa Kiaa Lai Jaaeisee Raam.mp3,4743
1677284390,"Bhai Mohinder Singh Ji SDO",Bhinee RaanaReyaa,00:50:20,http://sikhsoul.com/golden_khajana_files/mp3/Keertan/Bhai Mohinder Singh SDO/Eae Man Maeriaa Thoo Kiaa Lai Aaeiaa Kiaa Lai Jaaeisee Raam.mp3,1689
1677284558,"Bhai Mohinder Singh Ji SDO",Bhinee ->. Har ke sant suno,00:51:55,http://sikhsoul.com/golden_khajana_files/mp3/Keertan/Bhai Mohinder Singh SDO/Eae Man Maeriaa Thoo Kiaa Lai Aaeiaa Kiaa Lai Jaaeisee Raam.mp3,235
1677297419,"Bhai Tejinderpal Singh Ji Dulla",Rakh pita prabh mere (fire vibes. Track with Dulla ji x hps ji),00:25:40,https://daasstorage13.blob.core.windows.net/ds1/audios/keertan/dulla_ji/sc/nirbankeertan/Garath parath gehi laehu angur (Dulla Ji).mp3,657
1677297780,"Bhai Tejinderpal Singh Ji Dulla",Thus dita puraa satguru (fire simran at 15 min),00:00:00,http://sikhsoul.com/golden_khajana_files/mp3/Keertan/Bhai Tejinderpal Singh Dulla/Bhai Tejinderpal Singh Dulla - Thus dhithaa poorai sathiguroo har dhhan sach akhutt.mp3,1220
1677298155,"Bhai Mohinder Singh Ji SDO",Dhan so vela jit meh satgur milya (fire simran at 19:20),00:00:00,http://sikhsoul.com/golden_khajana_files/mp3/Keertan/Bhai Mohinder Singh SDO/Dhhann S Vaelaa Jith Mai Sathigur Miliaa 1.mp3,1660
1677298569,"Bhai Tejinderpal Singh Ji Dulla",Simar simar simar gur apna soya ,00:30:30,https://daasstorage13.blob.core.windows.net/ds1/audios/keertan/dulla_ji/yt/D 162 MGA DULLA 162 Din Darad Dukh Bhanjna Jaspal S Tabla JSUK 2005 USA-d8noIiQ5ULU.m4a,2881
1677299125,"Bhai Tejinderpal Singh Ji Dulla",Jivat Jivat Jivat raho,00:00:00,https://daasstorage13.blob.core.windows.net/ds1/audios/keertan/dulla_ji/yt/D 001 MGA DULLA 001 Jivat Jivat Jivat Raho 12 06 04 1 P burgh-bxL 4Eaun1U.m4a,4075
1677299297,"Bhai Tejinderpal Singh Ji Dulla",Feeke har ke naam bin Saadh ,00:40:10,https://daasstorage13.blob.core.windows.net/ds1/audios/keertan/dulla_ji/yt/D 001 MGA DULLA 001 Jivat Jivat Jivat Raho 12 06 04 1 P burgh-bxL 4Eaun1U.m4a,4344
1679337780,"Bhai Mohinder Singh Ji SDO",Sukh sagar gur chad ke,00:06:00,https://daasstorage13.blob.core.windows.net/ds1/audios/keertan/sdo/yt_mga/685 MGA SDO 1647 So kishh Kar Jit Chhutte Prani B 03 1971 Moga SPOOL BS 16 52.m4a,40349
1679339876,"Bhai Mohinder Singh Ji SDO",Samaj man baura re,00:16:55,https://daasstorage13.blob.core.windows.net/ds1/audios/keertan/sdo/yt_mga/685 MGA SDO 1647 So kishh Kar Jit Chhutte Prani B 03 1971 Moga SPOOL BS 16 52.m4a,1352
1679340751,"Bhai Mohinder Singh Ji SDO",bikhye Bach har each -> Chod Chod re bekhiyaa ke rasooaa,00:25:30,https://daasstorage13.blob.core.windows.net/ds1/audios/keertan/sdo/yt_mga/685 MGA SDO 1647 So kishh Kar Jit Chhutte Prani B 03 1971 Moga SPOOL BS 16 52.m4a,659
1679341145,"Bhai Mohinder Singh Ji SDO","bhagat har jasua -> har har jas ghumar pavo, bhagat drriRavo",00:29:40,https://daasstorage13.blob.core.windows.net/ds1/audios/keertan/sdo/yt_mga/685 MGA SDO 1647 So kishh Kar Jit Chhutte Prani B 03 1971 Moga SPOOL BS 16 52.m4a,2657
1686341734,"Bhai Mohinder Singh Ji SDO",Pardesh jhag saude. Chill,00:00:00,https://daasstorage13.blob.core.windows.net/ds1/audios/keertan/sdo/yt_mga/001 MGA SDO 1001 SDOBradford1 Pardesh jhak Soude Ko Ayaaia.m4a,1453
1686341896,"Bhai Mohinder Singh Ji SDO",keso keso kookiyee,00:19:15,https://daasstorage13.blob.core.windows.net/ds1/audios/keertan/sdo/yt_mga/001 MGA SDO 1001 SDOBradford1 Pardesh jhak Soude Ko Ayaaia.m4a,5193
1686343931,"Bhai Mohinder Singh Ji SDO",raam raam bol bol khoj te -> khojat khoat bheeii baaragan,00:20:35,https://daasstorage13.blob.core.windows.net/ds1/audios/keertan/sdo/yt_mga/001 MGA SDO 1001 SDOBradford1 Pardesh jhak Soude Ko Ayaaia.m4a,650
1686344041,"Bhai Mohinder Singh Ji SDO",hoo ayaa doooah chal kee. Gunvanti,00:23:05,https://daasstorage13.blob.core.windows.net/ds1/audios/keertan/sdo/yt_mga/001 MGA SDO 1001 SDOBradford1 Pardesh jhak Soude Ko Ayaaia.m4a,2890
1686344360,"Bhai Mohinder Singh Ji SDO",Nanak Ko Gur Bakhya Naame Sang Jut. ,00:31:05,https://daasstorage13.blob.core.windows.net/ds1/audios/keertan/sdo/yt_mga/001 MGA SDO 1001 SDOBradford1 Pardesh jhak Soude Ko Ayaaia.m4a,1220
1686344663,"Bhai Mohinder Singh Ji SDO",eik khaRe kareh teree chaakaree vin naavai hor na bhaiaa ,00:34:50,https://daasstorage13.blob.core.windows.net/ds1/audios/keertan/sdo/yt_mga/001 MGA SDO 1001 SDOBradford1 Pardesh jhak Soude Ko Ayaaia.m4a,382
1686344926,"Bhai Mohinder Singh Ji SDO",Jo aap japaa aura naam japavaa,00:36:35,https://daasstorage13.blob.core.windows.net/ds1/audios/keertan/sdo/yt_mga/001 MGA SDO 1001 SDOBradford1 Pardesh jhak Soude Ko Ayaaia.m4a,1163
1686368399,"Bhai Mohinder Singh Ji SDO",Gunvanti. How ayaa doorh chal kee. ,00:00:00,https://daasstorage13.blob.core.windows.net/ds1/audios/keertan/sdo/yt_mga/002 MGA SDO 1002 SDOBradford2 How Ayaaia Dooro Chalke.m4a,2890
1686368671,"Bhai Mohinder Singh Ji SDO",Satgur seviya aapnaa,00:12:35,https://daasstorage13.blob.core.windows.net/ds1/audios/keertan/sdo/yt_mga/002 MGA SDO 1002 SDOBradford2 How Ayaaia Dooro Chalke.m4a,1198
1686369033,"Bhai Mohinder Singh Ji SDO",Pardesh chack saude kao ayaa -> dhanvant naam kee vanjare,00:22:22,https://daasstorage13.blob.core.windows.net/ds1/audios/keertan/sdo/yt_mga/002 MGA SDO 1002 SDOBradford2 How Ayaaia Dooro Chalke.m4a,4346
1686369405,"Bhai Mohinder Singh Ji SDO",Dhanvant naam ke vanjare -> hum dhanvant baghat sach naiee ,00:39:50,https://daasstorage13.blob.core.windows.net/ds1/audios/keertan/sdo/yt_mga/002 MGA SDO 1002 SDOBradford2 How Ayaaia Dooro Chalke.m4a,563
1686369547,"Bhai Mohinder Singh Ji SDO",Sabh dhiyavoo,00:00:00,https://daasstorage13.blob.core.windows.net/ds1/audios/keertan/sdo/yt_mga/003 MGA SDO 1003 smpk 01 Sub Dheavo Sub Dheavo Aad Sate.m4a,4781
1686431610,Bhai Mohinder Singh Ji SDO,Sabh kal udhari ek dharm,00:11:40,https://daasstorage13.blob.core.windows.net/ds1/audios/keertan/sdo/yt_mga/003 MGA SDO 1003 smpk 01 Sub Dheavo Sub Dheavo Aad Sate.m4a,5350
1686545629,Bhai Mohinder Singh Ji SDO,Tudh baj kuro kuro. AKV,00:16:40,https://daasstorage13.blob.core.windows.net/ds1/audios/keertan/sdo/yt_mga/003 MGA SDO 1003 smpk 01 Sub Dheavo Sub Dheavo Aad Sate.m4a,1723
1686546076,Bhai Mohinder Singh Ji SDO,Naam kheti beejho bhai meet,00:35:05,https://daasstorage13.blob.core.windows.net/ds1/audios/keertan/sdo/yt_mga/003 MGA SDO 1003 smpk 01 Sub Dheavo Sub Dheavo Aad Sate.m4a,1648
1686546241,Bhai Mohinder Singh Ji SDO,Man rasik rasan naam jap,00:38:40,https://daasstorage13.blob.core.windows.net/ds1/audios/keertan/sdo/yt_mga/003 MGA SDO 1003 smpk 01 Sub Dheavo Sub Dheavo Aad Sate.m4a,4823
1686546522,Bhai Mohinder Singh Ji SDO,Bin Sabde Acchar Na Kinhee Pyiaa,00:00:18,https://daasstorage13.blob.core.windows.net/ds1/audios/keertan/sdo/yt_mga/004 MGA SDO 1004 smpk 02 Bin Sabde Acchar Na Kinhee Pyiaa.m4a,4654
1686628056,Bhai Mohinder Singh Ji SDO,Track Changes. Raam hum satgur parbrham kar manee ,00:16:10,https://daasstorage13.blob.core.windows.net/ds1/audios/keertan/sdo/yt_mga/004 MGA SDO 1004 smpk 02 Bin Sabde Acchar Na Kinhee Pyiaa.m4a,518
1686628304,Bhai Mohinder Singh Ji SDO,Parman jap jap har ka naam kade na chooriya,00:37:40,https://daasstorage13.blob.core.windows.net/ds1/audios/keertan/sdo/yt_mga/004 MGA SDO 1004 smpk 02 Bin Sabde Acchar Na Kinhee Pyiaa.m4a,1555
1686628365,Bhai Mohinder Singh Ji SDO,Mil rahiya prabh sadh jnaa ,00:00:00,https://daasstorage13.blob.core.windows.net/ds1/audios/keertan/sdo/yt_mga/005 MGA SDO 1005 smpk 03 Mil Rehiea saad Jana.m4a,3384
1686628533,Bhai Mohinder Singh Ji SDO,beanta beant gun tere -> Vaho vaho khasam tu vaho,00:10:00,https://daasstorage13.blob.core.windows.net/ds1/audios/keertan/sdo/yt_mga/005 MGA SDO 1005 smpk 03 Mil Rehiea saad Jana.m4a,2951
1686628648,Bhai Mohinder Singh Ji SDO,Sodat sodat sod tat bichariya ,00:20:15,https://daasstorage13.blob.core.windows.net/ds1/audios/keertan/sdo/yt_mga/005 MGA SDO 1005 smpk 03 Mil Rehiea saad Jana.m4a,2887
1686628821,Bhai Mohinder Singh Ji SDO,Bemukh sukh naa dekhaee. Vaara Bhai Gurdaas Ji,00:25:50,https://daasstorage13.blob.core.windows.net/ds1/audios/keertan/sdo/yt_mga/005 MGA SDO 1005 smpk 03 Mil Rehiea saad Jana.m4a,40760
1686891380,Bhai Mohinder Singh Ji SDO,Rehatnama chaupa singh. Har jas chalat Jo bat sunavaa,00:03:00,https://daasstorage13.blob.core.windows.net/ds1/audios/keertan/sdo/yt_mga/005 MGA SDO 1005 smpk 03 Mil Rehiea saad Jana.m4a,
1686891406,Bhai Mohinder Singh Ji SDO,"Mil Rehiea saad Jana.m4a""",00:30:00,https://daasstorage13.blob.core.windows.net/ds1/audios/keertan/sdo/yt_mga/005 MGA SDO 1005 smpk 03 Mil Rehiea saad Jana.m4a,4074
1686891436,Bhai Mohinder Singh Ji SDO,"Amrit Har Ka Naam.m4a""",00:00:00,https://daasstorage13.blob.core.windows.net/ds1/audios/keertan/sdo/yt_mga/006 MGA SDO 1006 smpk 04 Amrit Har Ka Naam.m4a,2887
1686891545,Bhai Mohinder Singh Ji SDO,History. Visar nahi datar apnaa naam deho,00:02:35,https://daasstorage13.blob.core.windows.net/ds1/audios/keertan/sdo/yt_mga/006 MGA SDO 1006 smpk 04 Amrit Har Ka Naam.m4a,2887
1686891620,Bhai Mohinder Singh Ji SDO,Har kirat sadhsangat haa,00:03:20,https://daasstorage13.blob.core.windows.net/ds1/audios/keertan/sdo/yt_mga/006 MGA SDO 1006 smpk 04 Amrit Har Ka Naam.m4a,2421
1686891739,Bhai Mohinder Singh Ji SDO,Sange andar sabta jis guru sahaiee,00:08:40,https://daasstorage13.blob.core.windows.net/ds1/audios/keertan/sdo/yt_mga/006 MGA SDO 1006 smpk 04 Amrit Har Ka Naam.m4a,40798
1686891833,Bhai Mohinder Singh Ji SDO,Funny. Cold water. Not be lazy at that time. 2 Am. Gur satgur ka Jo Sikh Akhaiee,00:26:00,https://daasstorage13.blob.core.windows.net/ds1/audios/keertan/sdo/yt_mga/006 MGA SDO 1006 smpk 04 Amrit Har Ka Naam.m4a,1163
1686892085,Bhai Mohinder Singh Ji SDO,Kurbani terya sewka Jin har naam pyaraa ,00:31:50,https://daasstorage13.blob.core.windows.net/ds1/audios/keertan/sdo/yt_mga/006 MGA SDO 1006 smpk 04 Amrit Har Ka Naam.m4a,2860
1686892131,Bhai Mohinder Singh Ji SDO,Har ka naam vahiya har lga pyara,00:32:30,https://daasstorage13.blob.core.windows.net/ds1/audios/keertan/sdo/yt_mga/006 MGA SDO 1006 smpk 04 Amrit Har Ka Naam.m4a,3802
1686943461,Bhai Mohinder Singh Ji SDO,Satgur tak liya muhe papi pardaa ,00:15:00,https://daasstorage13.blob.core.windows.net/ds1/audios/keertan/sdo/yt_mga/006 MGA SDO 1006 smpk 04 Amrit Har Ka Naam.m4a,4003
1686943539,Bhai Mohinder Singh Ji SDO,Aad judaad bhagatan kaa rakhaa ,00:15:50,https://daasstorage13.blob.core.windows.net/ds1/audios/keertan/sdo/yt_mga/006 MGA SDO 1006 smpk 04 Amrit Har Ka Naam.m4a,2910
1686943801,Bhai Mohinder Singh Ji SDO,Apne prabh sio hoh savdhan ,00:00:00,https://daasstorage13.blob.core.windows.net/ds1/audios/keertan/sdo/yt_mga/007 MGA SDO 1007 smpk 05 Hoh Savdaan Apne Prabh Seho.m4a,536
1686943998,Bhai Mohinder Singh Ji SDO,Eyo quo cant pyare hova. Mera saho jaagaa ,00:27:50,https://daasstorage13.blob.core.windows.net/ds1/audios/keertan/sdo/yt_mga/007 MGA SDO 1007 smpk 05 Hoh Savdaan Apne Prabh Seho.m4a,1406
1686944170,Bhai Mohinder Singh Ji SDO,Eit oot neh doliyaa Har sewa jagan raam ,00:37:00,https://daasstorage13.blob.core.windows.net/ds1/audios/keertan/sdo/yt_mga/007 MGA SDO 1007 smpk 05 Hoh Savdaan Apne Prabh Seho.m4a,3169
1686944359,Bhai Mohinder Singh Ji SDO,Laj Chhod Har Ke Gun Gao,00:01:55,https://daasstorage13.blob.core.windows.net/ds1/audios/keertan/sdo/yt_mga/008 MGA SDO 1008 smpk 06 Laj Chhod Har Ke Gun Gao.m4a,2388
1686944404,Bhai Mohinder Singh Ji SDO,Laaj chod har ke gun gaava ,00:00:20,https://daasstorage13.blob.core.windows.net/ds1/audios/keertan/sdo/yt_mga/008 MGA SDO 1008 smpk 06 Laj Chhod Har Ke Gun Gao.m4a,3286
1686944990,Bhai Mohinder Singh Ji SDO,Mitar chanere car dhaki ,00:00:05,https://daasstorage13.blob.core.windows.net/ds1/audios/keertan/sdo/yt_mga/293 MGA SDO 1258 M 4 B2 1.m4a,112
1686945259,Bhai Mohinder Singh Ji SDO,,00:52:55,https://daasstorage13.blob.core.windows.net/ds1/audios/keertan/sdo/yt_mga/513 MGA SDO 1475 Bin gur mukat na paeeai bhaaee.m4a,748
1687190190,Bhai Mohinder Singh Ji SDO,Dhan Guru Hargobind Sahib Ji,00:00:00,https://daasstorage13.blob.core.windows.net/ds1/audios/keertan/sdo/yt_mga/722 MGA SDO 1684 Sadh Sangat Sachkhand Vich 11 1964 JL Old Spool KS 89.m4a,
1687190259,Bhai Mohinder Singh Ji SDO,Har jan gun gavat hasiya ,00:14:20,https://daasstorage13.blob.core.windows.net/ds1/audios/keertan/sdo/yt_mga/722 MGA SDO 1684 Sadh Sangat Sachkhand Vich 11 1964 JL Old Spool KS 89.m4a,4814
1687290567,Bhai Mohinder Singh Ji SDO,Raam hum paathar nirguniaaeyt,00:32:10,http://sikhsoul.com/golden_khajana_files/mp3/Keertan/Bhai Mohinder Singh SDO/Sathigur No Jaehaa Ko Eishhadhaa.mp3,3633
1687290595,Bhai Mohinder Singh Ji SDO,Dhan guru tegbhadar Sahib,00:00:00,http://sikhsoul.com/golden_khajana_files/mp3/Keertan/Bhai Mohinder Singh SDO/Sathigur No Jaehaa Ko Eishhadhaa.mp3,
1687291283,Bhai Mohinder Singh Ji SDO,Rougian roug khandanaa ,00:48:10,http://sikhsoul.com/golden_khajana_files/mp3/Keertan/Bhai Mohinder Singh SDO/Sathigur No Jaehaa Ko Eishhadhaa.mp3,4925
1687291615,Bhai Mohinder Singh Ji SDO,Hum rulte firte ,00:52:10,http://sikhsoul.com/golden_khajana_files/mp3/Keertan/Bhai Mohinder Singh SDO/Sathigur No Jaehaa Ko Eishhadhaa.mp3,511
1687459683,Bhai Mohinder Singh Ji SDO,har har diyo Sewak ko naam,00:24:45,https://daasstorage13.blob.core.windows.net/ds1/audios/keertan/sdo/yt_mga/125 MGA SDO 1090 SDO~3.m4a,4329
1687459756,Bhai Mohinder Singh Ji SDO,Dhan Sri Guru Amardaas Ji. Kya Tudh Karam kamaya,00:26:28,https://daasstorage13.blob.core.windows.net/ds1/audios/keertan/sdo/yt_mga/125 MGA SDO 1090 SDO~3.m4a,3380
1687462058,Bhai Mohinder Singh Ji SDO,,00:00:00,https://daasstorage13.blob.core.windows.net/ds1/audios/keertan/sdo/yt_mga/373 MGA SDO 1338 Lakh Jehba Mere Pyare 1.m4a,2914
1687533967,Bhai Tejinderpal Singh Ji Dulla,,00:00:00,https://daasstorage13.blob.core.windows.net/ds1/audios/keertan/dulla_ji/sc/akjorg/din raatee aaraadhu piaaro nimakh na keejai dteelaa (Dulla Ji).mp3,1857
1687536450,Dharam Singh Zakhme,har gun gaau manaa satigur sev piaar,00:00:00,http://sgpc.net/puratan-kirtan/Dharam Singh Zakhme/Har Gun Gaoh Mana.mp3,145
1687546336,Bhai Mohinder Singh Ji SDO,Man re Thir Rahaho,00:00:00,https://daasstorage13.blob.core.windows.net/ds1/audios/keertan/sdo/yt_mga/126 MGA SDO 1091 SDO~4.m4a,2281
1687546717,Bhai Mohinder Singh Ji SDO,san mukh seh ban,00:10:30,https://daasstorage13.blob.core.windows.net/ds1/audios/keertan/sdo/yt_mga/126 MGA SDO 1091 SDO~4.m4a,1693
1687547734,Bhai Mohinder Singh Ji SDO,Amrit Sadha Varsda,00:25:20,https://daasstorage13.blob.core.windows.net/ds1/audios/keertan/sdo/yt_mga/126 MGA SDO 1091 SDO~4.m4a,4629
1687574495,Bhai Mohinder Singh Ji SDO,hum vecheyo sir gur ke. Fire Simran,00:00:00,https://daasstorage13.blob.core.windows.net/ds1/audios/keertan/sdo/yt_mga/307 MGA SDO 1272 8 B 1.m4a,2800
1687575292,Bhai Mohinder Singh Ji SDO,vaho vaho Gobind Singh -> Hum vechyo sir gur ke,00:03:30,https://daasstorage13.blob.core.windows.net/ds1/audios/keertan/sdo/yt_mga/307 MGA SDO 1272 8 B 1.m4a,2799
1687576283,Bhai Mohinder Singh Ji SDO,"Aasaa Satgur Je milyaa, tis nu sir saumpiya -> Satgur Agar Sis peet deyo",00:13:40,https://daasstorage13.blob.core.windows.net/ds1/audios/keertan/sdo/yt_mga/307 MGA SDO 1272 8 B 1.m4a,3999
1687576335,Bhai Mohinder Singh Ji SDO,gur paras hum loh,00:17:30,https://daasstorage13.blob.core.windows.net/ds1/audios/keertan/sdo/yt_mga/307 MGA SDO 1272 8 B 1.m4a,3999
1687580589,Bhai Mohinder Singh Ji SDO,Hirdyaa naam vasayao ,00:02:00,https://daasstorage13.blob.core.windows.net/ds1/audios/keertan/sdo/yt_mga/373 MGA SDO 1338 Lakh Jehba Mere Pyare 1.m4a,2357
1687581521,Bhai Mohinder Singh Ji SDO,Lots of Simran vaheguru,00:00:00,http://sikhsoul.com/golden_khajana_files/mp3/Keertan/Bhai Mohinder Singh SDO/Maeree Patteeaa Likh Dhaehu Sree Guopaal.mp3,4241
1687581749,Bhai Mohinder Singh Ji SDO,Sai naam amol -> kahte pavit ,00:01:15,http://sikhsoul.com/golden_khajana_files/mp3/Keertan/Bhai Mohinder Singh SDO/Maeree Patteeaa Likh Dhaehu Sree Guopaal.mp3,198
1687889808,Bhai Harpreet Singh Ji Toronto,Sagal bhavan ke naika ,00:18:40,https://akj.media/Media/Keertan/Sydney/2005/038_Sydney_Oct2005_FriM_ADV_BhaiHarpreetSinghJeeToronto.mp3,1377
1687889977,Bhai Mohinder Singh Ji SDO,Koi nidak ,00:00:00,https://daasstorage13.blob.core.windows.net/ds1/audios/keertan/sdo/yt_mga/106 MGA SDO 1077 M 4 SIDE AAA.m4a,5488
1687890056,Bhai Mohinder Singh Ji SDO,Bhaj man mere,00:26:45,https://daasstorage13.blob.core.windows.net/ds1/audios/keertan/sdo/yt_mga/106 MGA SDO 1077 M 4 SIDE AAA.m4a,600
1687890219,Bhai Mohinder Singh Ji SDO,Fareeda raat kathori vandiyaa ,00:28:15,https://daasstorage13.blob.core.windows.net/ds1/audios/keertan/sdo/yt_mga/106 MGA SDO 1077 M 4 SIDE AAA.m4a,5293
1687890620,Bhai Mohinder Singh Ji SDO,Kewal naam japho re prani -> japho ta eko naama,00:37:00,https://daasstorage13.blob.core.windows.net/ds1/audios/keertan/sdo/yt_mga/106 MGA SDO 1077 M 4 SIDE AAA.m4a,2634
1687891898,Bhai Mohinder Singh Ji SDO,,00:00:00,https://daasstorage13.blob.core.windows.net/ds1/audios/keertan/sdo/soundcloud/AKJ- 34 - 00- Bhai Mohinder Singh Ji SDO - Pehle Pehrai Nain Slonarhiye-1266766141.mp3,3994
1687892314,Bhai Mohinder Singh Ji SDO,Akv,00:00:00,http://sikhsoul.com/golden_khajana_files/mp3/Keertan/Bhai Mohinder Singh SDO/Loein Rathae Loeinee Kannee Surath Samaae.mp3,
1687892451,Bhai Mohinder Singh Ji SDO,mai moorakh har har jap paRiaa ||1||,00:11:30,http://sikhsoul.com/golden_khajana_files/mp3/Keertan/Bhai Mohinder Singh SDO/Loein Rathae Loeinee Kannee Surath Samaae.mp3,501
1687897709,Bhai Mehar Singh Ji,Akv,00:22:00,https://daasstorage13.blob.core.windows.net/ds1/audios/keertan/bhai_mehar_singh/Delhi Samagam 1975 Aasaa Dee Vaar-741120436.mp3,194
1687900103,Giani Amolak Singh Ji,,00:00:00,https://daasstorage13.blob.core.windows.net/ds1/audios/keertan/giani_amolak_singh/Giani-Amolak-Singh-Ji-02-SaaDho-Gobind-Kay-Gun-Gaava-O-611325495.mp3,709
1688593883,Bhai Mohinder Singh Ji SDO,,00:00:00,http://sikhsoul.com/golden_khajana_files/mp3/Keertan/Bhai Mohinder Singh SDO/Too Sagro Ratnagro.mp3,2912
1688594041,Bhai Mohinder Singh Ji SDO,,00:00:00,http://sikhsoul.com/golden_khajana_files/mp3/Keertan/Bhai Mohinder Singh SDO/Gur Kaa Sabadh Maerai Anthar Dhiaan.mp3,4123
1688594483,Bhai Mohinder Singh Ji SDO,Satgur aagaa siss bhet deoo ,00:24:00,https://daasstorage13.blob.core.windows.net/ds1/audios/keertan/sdo/yt_mga/412 MGA SDO 1375 Vaah vaah gobind singh.m4a,3999
1688596535,Bhai Mohinder Singh Ji SDO,Sdo biography,00:56:00,https://daasstorage13.blob.core.windows.net/ds1/audios/keertan/sdo/yt_mga/412 MGA SDO 1375 Vaah vaah gobind singh.m4a,
1688596746,Bhai Mohinder Singh Ji SDO,aau sabhaagee needhaRe'e mat sahu dhekhaa soi ||,00:25:35,http://sikhsoul.com/golden_khajana_files/mp3/Keertan/Bhai Mohinder Singh SDO/Jinee Naam Dhhiaaeiaa Eik Man Eik Chith 2.mp3,2152
1688596841,Bhai Mohinder Singh Ji SDO,,00:00:00,https://daasstorage13.blob.core.windows.net/ds1/audios/keertan/sdo/soundcloud/Bhai Mohinder Singh Ji SDO - sravannee keertan sunau din ratee (Puratan Kirtan)-829711816.mp3,4258
1688601071,Bhai Mohinder Singh Ji SDO,har charan kamal kee Tek satigur dhitee tus kai bal raam jeeau,00:00:00,https://www.ikirtan.com//Bhai_Mohinder_Singh_Jee_SDO/Vancouver_BC_1980s/Bhai_Mohinder_Singh_Jee_SDO_Vancouver_1980s_Vol_30.mp3,2910
1689032988,Bhai Mohinder Singh Ji SDO,Mera man laga hai Raam praye,00:07:30,http://sikhsoul.com/golden_khajana_files/mp3/Keertan/Bhai Mohinder Singh SDO/Dhaekhahu Acharaj Bhaeiaa.mp3,2563
1689042710,Bhai Mohinder Singh Ji SDO,nakaTee ko Thanagan baaddaa ddoo(n) ||,00:00:00,https://daasstorage13.blob.core.windows.net/ds1/audios/keertan/sdo/yt_mga/179 MGA SDO 1144 22 B.m4a,1780
1691619394,Bhai Mohinder Singh Ji SDO,apane prabh siau hoh saavadhaan ||,00:06:25,https://daasstorage13.blob.core.windows.net/ds1/audios/keertan/sdo/yt_mga/008 MGA SDO 1008 smpk 06 Laj Chhod Har Ke Gun Gao.m4a,536
1691619431,Bhai Mohinder Singh Ji SDO,apane prabh siau hoh saavadhaan ||,00:06:25,https://daasstorage13.blob.core.windows.net/ds1/audios/keertan/sdo/yt_mga/008 MGA SDO 1008 smpk 06 Laj Chhod Har Ke Gun Gao.m4a,536
1691619512,Bhai Mohinder Singh Ji SDO,(Rog and haumai parkaran) jo jo dheesai so so rogee ||,00:04:15,https://daasstorage13.blob.core.windows.net/ds1/audios/keertan/sdo/yt_mga/009 MGA SDO 1009 smpk 07 Jo Jo Deese So So Rogi.m4a,4084
1691619613,Bhai Mohinder Singh Ji SDO,maarehis ve jan haumai bikhiaa jin har prabh milan na dhiteeaa ||,00:07:10,https://daasstorage13.blob.core.windows.net/ds1/audios/keertan/sdo/yt_mga/009 MGA SDO 1009 smpk 07 Jo Jo Deese So So Rogi.m4a,2908
1691619810,Bhai Mohinder Singh Ji SDO,dhan dha(n)n guroo saabaas hai jin haumai maaree raam ||,00:12:40,https://daasstorage13.blob.core.windows.net/ds1/audios/keertan/sdo/yt_mga/009 MGA SDO 1009 smpk 07 Jo Jo Deese So So Rogi.m4a,3164
1691620083,Bhai Mohinder Singh Ji SDO,sanamukh seh baan sanamukh seh baan he mirag arape man tan praan he oh bedhio sahaj sarot ||,00:24:30,https://daasstorage13.blob.core.windows.net/ds1/audios/keertan/sdo/yt_mga/009 MGA SDO 1009 smpk 07 Jo Jo Deese So So Rogi.m4a,1693
1691822094,"Bhai Mohinder Singh Ji SDO","satigur pooraa vaidh hai pa(n)je rog asaadh nivaare |",00:41:27,"https://daasstorage13.blob.core.windows.net/ds1/audios/keertan/sdo/yt_mga/009 MGA SDO 1009 smpk 07 Jo Jo Deese So So Rogi.m4a",11609
1691824643,"Bhai Mohinder Singh Ji SDO","akhee vekh na rajeeaa, bahu ra(n)g tamaase |",00:32:50,"https://daasstorage13.blob.core.windows.net/ds1/audios/keertan/sdo/yt_mga/009 MGA SDO 1009 smpk 07 Jo Jo Deese So So Rogi.m4a",11634
1691824723,"Bhai Mohinder Singh Ji SDO","satigur gunee nidhaan hai gun kar bakhasai avaguniaare |",00:41:26,"https://daasstorage13.blob.core.windows.net/ds1/audios/keertan/sdo/yt_mga/009 MGA SDO 1009 smpk 07 Jo Jo Deese So So Rogi.m4a",11609
1691824835,"Bhai Mohinder Singh Ji SDO","mere raama. ham paapee saran pare har dhuaar ||",00:00:40,"https://daasstorage13.blob.core.windows.net/ds1/audios/keertan/sdo/yt_mga/010 MGA SDO 1010 smpk 08 Mere Ram Hum Papi Saran.m4a",511
1691928763,"Bhai Mohinder Singh Ji SDO","Mad nimartaa. All faults in me. ",00:44:20,"https://daasstorage13.blob.core.windows.net/ds1/audios/keertan/sdo/yt_mga/009 MGA SDO 1009 smpk 07 Jo Jo Deese So So Rogi.m4a",11170
1694192468,"Bhai Mohinder Singh Ji SDO","meraa gur pooraa sukhadhaataa ||",00:07:33,"https://daasstorage13.blob.core.windows.net/ds1/audios/keertan/sdo/yt_mga/010 MGA SDO 1010 smpk 08 Mere Ram Hum Papi Saran.m4a",2348
1694192551,"Bhai Mohinder Singh Ji SDO","Nanak naam chardikala, tere bhane sarbat da bhala",00:09:30,"https://daasstorage13.blob.core.windows.net/ds1/audios/keertan/sdo/yt_mga/010 MGA SDO 1010 smpk 08 Mere Ram Hum Papi Saran.m4a",
1694192656,"Bhai Mohinder Singh Ji SDO","ganikaa paapan hoi kai paapaa(n) dhaa gal haar parotaa |",00:11:05,"https://daasstorage13.blob.core.windows.net/ds1/audios/keertan/sdo/yt_mga/010 MGA SDO 1010 smpk 08 Mere Ram Hum Papi Saran.m4a",11257
1694192707,"Bhai Mohinder Singh Ji SDO","rog rahit meraa satigur jogee ||1|| rahaau ||",00:14:25,"https://daasstorage13.blob.core.windows.net/ds1/audios/keertan/sdo/yt_mga/010 MGA SDO 1010 smpk 08 Mere Ram Hum Papi Saran.m4a",4084
1694192819,"Bhai Mohinder Singh Ji SDO","gur sikhee baareek hai sil chaTan fikee |",00:22:36,"https://daasstorage13.blob.core.windows.net/ds1/audios/keertan/sdo/yt_mga/010 MGA SDO 1010 smpk 08 Mere Ram Hum Papi Saran.m4a",11216
1694193125,"Bhai Mohinder Singh Ji SDO","ਗੁਰੁ ਪੂਰਾ. ਜਿਨ ਸਿਮਰਿਆ ਸੇਈ ਭਏ ਨਿਹਾਲ ॥ gur pooraa. jin simariaa seiee bhe nihaal ||",00:32:40,"https://daasstorage13.blob.core.windows.net/ds1/audios/keertan/sdo/yt_mga/010 MGA SDO 1010 smpk 08 Mere Ram Hum Papi Saran.m4a",
1694193192,"Bhai Mohinder Singh Ji SDO","vaddee hoo vaddaa apaar teraa maratabaa ||",00:34:29,"https://daasstorage13.blob.core.windows.net/ds1/audios/keertan/sdo/yt_mga/010 MGA SDO 1010 smpk 08 Mere Ram Hum Papi Saran.m4a",3574
1694193311,"Bhai Mohinder Singh Ji SDO","gur kahiaa ieh jhooThee dhohee ||",00:00:00,"https://daasstorage13.blob.core.windows.net/ds1/audios/keertan/sdo/yt_mga/011 MGA SDO 1011 smpk 09 Ik Hamara Anterjami.m4a",4890
1694193398,"Bhai Mohinder Singh Ji SDO","maiaa aaisee mohanee bhaiee ||",00:03:45,"https://daasstorage13.blob.core.windows.net/ds1/audios/keertan/sdo/yt_mga/011 MGA SDO 1011 smpk 09 Ik Hamara Anterjami.m4a",4140
1694193654,"Bhai Mohinder Singh Ji SDO","hasa(n)dhiaa khela(n)dhiaa paina(n)dhiaa khaava(n)dhiaa viche hovai mukat ||2||",00:15:10,"https://daasstorage13.blob.core.windows.net/ds1/audios/keertan/sdo/yt_mga/011 MGA SDO 1011 smpk 09 Ik Hamara Anterjami.m4a",1998
1694193712,"Bhai Mohinder Singh Ji SDO","ka(n)nee(n) mu(n)dharaa(n) ma(n)tr gur sa(n)taa(n) dhooR bibhoot su laasee |",00:16:00,"https://daasstorage13.blob.core.windows.net/ds1/audios/keertan/sdo/yt_mga/011 MGA SDO 1011 smpk 09 Ik Hamara Anterjami.m4a",11685
1694193848,"Bhai Mohinder Singh Ji SDO","10 nari maa kari katha",00:20:30,"https://daasstorage13.blob.core.windows.net/ds1/audios/keertan/sdo/yt_mga/011 MGA SDO 1011 smpk 09 Ik Hamara Anterjami.m4a",
1694193881,"Bhai Mohinder Singh Ji SDO","akhee vekh na rajeeaa, bahu ra(n)g tamaase |",00:21:00,"https://daasstorage13.blob.core.windows.net/ds1/audios/keertan/sdo/yt_mga/011 MGA SDO 1011 smpk 09 Ik Hamara Anterjami.m4a",11634
1694194258,"Bhai Mohinder Singh Ji SDO","janam birathaa jaat ra(n)g maiaa kai ||1|| rahaau ||",00:31:25,"https://daasstorage13.blob.core.windows.net/ds1/audios/keertan/sdo/yt_mga/011 MGA SDO 1011 smpk 09 Ik Hamara Anterjami.m4a",48
1694194323,"Bhai Mohinder Singh Ji SDO","ਰਾਗ ਰਤਨ ਪਰਵਾਰ ਪਰੀਆ ਸਬਦ ਗਾਵਣ ਆਈਆ ॥ raag ratan paravaar pareeaa sabadh gaavan aaieeaa ||",00:33:25,"https://daasstorage13.blob.core.windows.net/ds1/audios/keertan/sdo/yt_mga/011 MGA SDO 1011 smpk 09 Ik Hamara Anterjami.m4a",
1694194515,"Bhai Mohinder Singh Ji SDO","dhukhee dhunee saheReeaai jai ta lageh dhukh ||",00:00:00,"https://daasstorage13.blob.core.windows.net/ds1/audios/keertan/sdo/yt_mga/012 MGA SDO 1012 smpk 10 Rupi Bhukh Na Uttere.m4a",4668
1694194732,"Bhai Mohinder Singh Ji SDO","no no kaam ",00:05:10,"https://daasstorage13.blob.core.windows.net/ds1/audios/keertan/sdo/yt_mga/012 MGA SDO 1012 smpk 10 Rupi Bhukh Na Uttere.m4a",
1694194817,"Bhai Mohinder Singh Ji SDO","lakh kaaman lakh kaavaroo lakh kaamaniaaree |",00:05:40,"https://daasstorage13.blob.core.windows.net/ds1/audios/keertan/sdo/yt_mga/012 MGA SDO 1012 smpk 10 Rupi Bhukh Na Uttere.m4a",11871
1694195060,"Bhai Mohinder Singh Ji SDO","miT giee bhookh mahaa bikaraal ||2||",00:09:00,"https://daasstorage13.blob.core.windows.net/ds1/audios/keertan/sdo/yt_mga/012 MGA SDO 1012 smpk 10 Rupi Bhukh Na Uttere.m4a",1524
1694195159,"Bhai Mohinder Singh Ji SDO","akhee vekh na rajeeaa, bahu ra(n)g tamaase |",00:12:30,"https://daasstorage13.blob.core.windows.net/ds1/audios/keertan/sdo/yt_mga/012 MGA SDO 1012 smpk 10 Rupi Bhukh Na Uttere.m4a",11634
1694195372,"Bhai Mohinder Singh Ji SDO","nain rahe ra(n)g laiee ||",00:17:45,"https://daasstorage13.blob.core.windows.net/ds1/audios/keertan/sdo/yt_mga/012 MGA SDO 1012 smpk 10 Rupi Bhukh Na Uttere.m4a",2512
1694195726,"Bhai Mohinder Singh Ji SDO","nain salonee su(n)dhar naaree ||",00:33:45,"https://daasstorage13.blob.core.windows.net/ds1/audios/keertan/sdo/yt_mga/012 MGA SDO 1012 smpk 10 Rupi Bhukh Na Uttere.m4a",723
1694195789,"Bhai Mohinder Singh Ji SDO","har har dheeo. sevak kau naam ||",00:38:45,"https://daasstorage13.blob.core.windows.net/ds1/audios/keertan/sdo/yt_mga/012 MGA SDO 1012 smpk 10 Rupi Bhukh Na Uttere.m4a",4329
1694227043,"Bhai Mohinder Singh Ji SDO","sabh kichh pooraa hiradhai naam ||1||",00:00:10,"https://daasstorage13.blob.core.windows.net/ds1/audios/keertan/sdo/yt_mga/013 MGA SDO 1013 smpk 11 Sub Kishh Pura Hirde Naam.m4a",577
1694227131,"Bhai Mohinder Singh Ji SDO","paratachh ridhai gur arajun kai har pooran braham nivaas leeaau ||5||",00:00:43,"https://daasstorage13.blob.core.windows.net/ds1/audios/keertan/sdo/yt_mga/013 MGA SDO 1013 smpk 11 Sub Kishh Pura Hirde Naam.m4a",5479
1694227255,"Bhai Mohinder Singh Ji SDO","gobidh preet lagee at piaaree ||",00:06:55,"https://daasstorage13.blob.core.windows.net/ds1/audios/keertan/sdo/yt_mga/013 MGA SDO 1013 smpk 11 Sub Kishh Pura Hirde Naam.m4a",2303
1694227652,"Bhai Mohinder Singh Ji SDO","naam nira(n)jan alakh hai kiau. lakhiaa jaiee ||",00:26:30,"https://daasstorage13.blob.core.windows.net/ds1/audios/keertan/sdo/yt_mga/013 MGA SDO 1013 smpk 11 Sub Kishh Pura Hirde Naam.m4a",4457
1694227751,"Bhai Mohinder Singh Ji SDO","je ko ma(n)n jaanai man koi ||12||",00:33:05,"https://daasstorage13.blob.core.windows.net/ds1/audios/keertan/sdo/yt_mga/013 MGA SDO 1013 smpk 11 Sub Kishh Pura Hirde Naam.m4a",12
1694227808,"Bhai Mohinder Singh Ji SDO","ਹਿਰਦੈ ਨਾਮੁ ਵਸਾਇਹੁ ॥  ghar baiThe guroo dhiaaih ||",00:35:00,"https://daasstorage13.blob.core.windows.net/ds1/audios/keertan/sdo/yt_mga/013 MGA SDO 1013 smpk 11 Sub Kishh Pura Hirde Naam.m4a",
1694272111,"Bhai Mohinder Singh Ji SDO","auddahu na kaagaa kaare ||",00:00:00,"https://daasstorage13.blob.core.windows.net/ds1/audios/keertan/sdo/yt_mga/014 MGA SDO 1014 smpk 12 Uddeh Na kaga.m4a",1360
1694273169,"Bhai Mohinder Singh Ji SDO","mil mere preetamaa jeeau tudh bin kharee nimaanee ||",00:09:37,"https://daasstorage13.blob.core.windows.net/ds1/audios/keertan/sdo/yt_mga/014 MGA SDO 1014 smpk 12 Uddeh Na kaga.m4a",761
1694273770,"Bhai Mohinder Singh Ji SDO","naanak kee bena(n)teeaa har surajanu. dhekhaa nain ||1||",00:19:10,"https://daasstorage13.blob.core.windows.net/ds1/audios/keertan/sdo/yt_mga/014 MGA SDO 1014 smpk 12 Uddeh Na kaga.m4a",372
1694273919,"Bhai Mohinder Singh Ji SDO","Jokes. jin jan gurmukh seviaa tin sabh sukh paiee ||",00:00:00,"https://daasstorage13.blob.core.windows.net/ds1/audios/keertan/sdo/yt_mga/015 MGA SDO 1015 smpk 13 Jin Jun Gurmukh Sevian.m4a",3932
1694274333,"Bhai Mohinder Singh Ji SDO","aaiee pa(n)thee sagal jamaatee man jeetai jag jeet ||",00:06:20,"https://daasstorage13.blob.core.windows.net/ds1/audios/keertan/sdo/yt_mga/015 MGA SDO 1015 smpk 13 Jin Jun Gurmukh Sevian.m4a",28
1694274549,"Bhai Mohinder Singh Ji SDO","jin kau poorab likhiaa tin ra(n)g lagaa nira(n)kaar ||",00:09:35,"https://daasstorage13.blob.core.windows.net/ds1/audios/keertan/sdo/yt_mga/015 MGA SDO 1015 smpk 13 Jin Jun Gurmukh Sevian.m4a",3537
1694274962,"Bhai Mohinder Singh Ji SDO","kaahe man too ddolataa har manasaa pooranahaar ||",00:11:13,"https://daasstorage13.blob.core.windows.net/ds1/audios/keertan/sdo/yt_mga/015 MGA SDO 1015 smpk 13 Jin Jun Gurmukh Sevian.m4a",3537
1694275243,"Bhai Mohinder Singh Ji SDO","har chauthaRee laava. man sahaj bhiaa har paiaa. bal raam jeeau ||",00:15:20,"https://daasstorage13.blob.core.windows.net/ds1/audios/keertan/sdo/yt_mga/015 MGA SDO 1015 smpk 13 Jin Jun Gurmukh Sevian.m4a",2904
1694275565,"Bhai Mohinder Singh Ji SDO","Long mangal 6 min. Nika ",00:00:00,"https://daasstorage13.blob.core.windows.net/ds1/audios/keertan/sdo/yt_mga/016 MGA SDO 1016 smpk 14 Bhagat Sohe Gun Gavande.m4a",
1694275614,"Bhai Mohinder Singh Ji SDO","bhagat soheh gun gaavate naanaka. prabh kai dhuaar ||6||",00:06:18,"https://daasstorage13.blob.core.windows.net/ds1/audios/keertan/sdo/yt_mga/016 MGA SDO 1016 smpk 14 Bhagat Sohe Gun Gavande.m4a",1108
1694275850,"Bhai Mohinder Singh Ji SDO","sevee satigur aapanaa har simaree. dhin sabh rain ||",00:09:35,"https://daasstorage13.blob.core.windows.net/ds1/audios/keertan/sdo/yt_mga/016 MGA SDO 1016 smpk 14 Bhagat Sohe Gun Gavande.m4a",372
1694276062,"Bhai Mohinder Singh Ji SDO","e dhui nainaa. mat chhuhau pir dhekhan kee aas ||91||",00:20:00,"https://daasstorage13.blob.core.windows.net/ds1/audios/keertan/sdo/yt_mga/016 MGA SDO 1016 smpk 14 Bhagat Sohe Gun Gavande.m4a",5304
1694276197,"Bhai Mohinder Singh Ji SDO","har ke sa(n)t sunahu jan bhaiee har satigur kee ik saakhee ||",00:21:50,"https://daasstorage13.blob.core.windows.net/ds1/audios/keertan/sdo/yt_mga/016 MGA SDO 1016 smpk 14 Bhagat Sohe Gun Gavande.m4a",235
1694316501,"Bhai Mohinder Singh Ji SDO","hasa(n)dhiaa khela(n)dhiaa paina(n)dhiaa khaava(n)dhiaa viche hovai mukat ||2||",00:27:10,"https://daasstorage13.blob.core.windows.net/ds1/audios/keertan/sdo/yt_mga/016 MGA SDO 1016 smpk 14 Bhagat Sohe Gun Gavande.m4a",1998
1694316619,"Bhai Mohinder Singh Ji SDO","auTha(n)dhiaa baha(n)dhiaa sava(n)dhiaa sukh soi ||",00:28:52,"https://daasstorage13.blob.core.windows.net/ds1/audios/keertan/sdo/yt_mga/016 MGA SDO 1016 smpk 14 Bhagat Sohe Gun Gavande.m4a",1269
1694316690,"Bhai Mohinder Singh Ji SDO","uooThat sukheeaa baiThat sukheeaa ||",00:30:00,"https://daasstorage13.blob.core.windows.net/ds1/audios/keertan/sdo/yt_mga/016 MGA SDO 1016 smpk 14 Bhagat Sohe Gun Gavande.m4a",4066
1694379543,"Bhai Mohinder Singh Ji SDO","ਕਟੀਐ ਤੇਰਾ ਅਹੰ ਰੋਗੁ ॥  kaTeeaai teraa aha(n) rog ||",00:31:05,"https://daasstorage13.blob.core.windows.net/ds1/audios/keertan/sdo/yt_mga/016 MGA SDO 1016 smpk 14 Bhagat Sohe Gun Gavande.m4a",
1694391047,"Bhai Mohinder Singh Ji SDO","har ke naam bin jhooThe sagal paasaare ||1|| rahaau ||",00:42:00,"https://daasstorage13.blob.core.windows.net/ds1/audios/keertan/sdo/yt_mga/016 MGA SDO 1016 smpk 14 Bhagat Sohe Gun Gavande.m4a",2645
1694402964,"Bhai Mohinder Singh Ji SDO","manu. raam kasavaTee laiaa ka(n)chan sovi(n)naa ||",00:00:00,"https://daasstorage13.blob.core.windows.net/ds1/audios/keertan/sdo/yt_mga/017 MGA SDO 1017 smpk 15 Jo Mai Vedan.m4a",1668
1694403052,"Bhai Mohinder Singh Ji SDO","Akv beinging asa ki vaar",00:01:00,"https://daasstorage13.blob.core.windows.net/ds1/audios/keertan/sdo/yt_mga/017 MGA SDO 1017 smpk 15 Jo Mai Vedan.m4a",
1694457744,"Bhai Mohinder Singh Ji SDO","jo mai bedhan saa. kis aakhaa maiee ||",00:02:50,"https://daasstorage13.blob.core.windows.net/ds1/audios/keertan/sdo/yt_mga/017 MGA SDO 1017 smpk 15 Jo Mai Vedan.m4a",3662
1694814095,"Bhai Mohinder Singh Ji SDO","har prem baanee. man maariaa aneeaale aneeaa. raam raaje ||",00:13:10,"https://daasstorage13.blob.core.windows.net/ds1/audios/keertan/sdo/yt_mga/017 MGA SDO 1017 smpk 15 Jo Mai Vedan.m4a",1668
1694814190,"Bhai Mohinder Singh Ji SDO","moorakh mugadh agiaan aveechaaree ||",00:16:50,"https://daasstorage13.blob.core.windows.net/ds1/audios/keertan/sdo/yt_mga/017 MGA SDO 1017 smpk 15 Jo Mai Vedan.m4a",1515
1694814330,"Bhai Mohinder Singh Ji SDO","ham moorakh mugadh saranaagatee mil govi(n)dh ra(n)gaa, raam raaje ||",00:25:12,"https://daasstorage13.blob.core.windows.net/ds1/audios/keertan/sdo/yt_mga/017 MGA SDO 1017 smpk 15 Jo Mai Vedan.m4a",1668
1694814591,"Bhai Mohinder Singh Ji SDO","prabh jee ko naam a(n)t pukarorai ||1||",00:00:00,"https://daasstorage13.blob.core.windows.net/ds1/audios/keertan/sdo/yt_mga/018 MGA SDO 1018 smpk 16 Sada Sach Samale.m4a",4743
1694814665,"Bhai Mohinder Singh Ji SDO","gur sikhee baareek hai sil chaTan fikee |",00:01:00,"https://daasstorage13.blob.core.windows.net/ds1/audios/keertan/sdo/yt_mga/018 MGA SDO 1018 smpk 16 Sada Sach Samale.m4a",11216
1695055648,"Bhai Mohinder Singh Ji SDO","e man piaariaa too sadhaa sach samaale ||",00:03:00,"https://daasstorage13.blob.core.windows.net/ds1/audios/keertan/sdo/yt_mga/018 MGA SDO 1018 smpk 16 Sada Sach Samale.m4a",3380
1695055799,"Bhai Mohinder Singh Ji SDO","gur kaa bachan basai jeea naale ||",00:07:05,"https://daasstorage13.blob.core.windows.net/ds1/audios/keertan/sdo/yt_mga/018 MGA SDO 1018 smpk 16 Sada Sach Samale.m4a",2594
1695055899,"Bhai Mohinder Singh Ji SDO","maiee sat sati. sat har sat sati. sat saadhaa ||",00:09:35,"https://daasstorage13.blob.core.windows.net/ds1/audios/keertan/sdo/yt_mga/018 MGA SDO 1018 smpk 16 Sada Sach Samale.m4a",4272
1695056234,"Bhai Mohinder Singh Ji SDO","naam rahio. saadhoo rahio rahio gur gobi(n)dh ||",00:14:40,"https://daasstorage13.blob.core.windows.net/ds1/audios/keertan/sdo/yt_mga/018 MGA SDO 1018 smpk 16 Sada Sach Samale.m4a",5545
1695056313,"Bhai Mohinder Singh Ji SDO","jo gur dheeaa su. man kai kaam ||",00:16:45,"https://daasstorage13.blob.core.windows.net/ds1/audios/keertan/sdo/yt_mga/018 MGA SDO 1018 smpk 16 Sada Sach Samale.m4a",537
1695056414,"Bhai Mohinder Singh Ji SDO","auTha(n)dhiaa baha(n)dhiaa sava(n)dhiaa sukh soi ||",00:18:19,"https://daasstorage13.blob.core.windows.net/ds1/audios/keertan/sdo/yt_mga/018 MGA SDO 1018 smpk 16 Sada Sach Samale.m4a",1269
1695056615,"Bhai Mohinder Singh Ji SDO","ਜਾ ਬਹਹਿ ਗੁਰਮੁਖਿ ਹਰਿ ਨਾਮੁ ਬੋਲਹਿ ਜਾ ਖੜੇ ਗੁਰਮੁਖਿ ਹਰਿ ਹਰਿ ਕਹਿਆ ॥",00:20:30,"https://daasstorage13.blob.core.windows.net/ds1/audios/keertan/sdo/yt_mga/018 MGA SDO 1018 smpk 16 Sada Sach Samale.m4a",
1695330906,"Bhai Mohinder Singh Ji SDO","bachan guroo jo poorai kahio mai chheek gaa(n)Tharee baadhaa ||1|| rahaau ||",00:22:05,"https://daasstorage13.blob.core.windows.net/ds1/audios/keertan/sdo/yt_mga/018 MGA SDO 1018 smpk 16 Sada Sach Samale.m4a",4272
1695330965,"Bhai Mohinder Singh Ji SDO","e'eet uoota. neh ddoleeaai har sevaa jaagan raam ||",00:22:55,"https://daasstorage13.blob.core.windows.net/ds1/audios/keertan/sdo/yt_mga/018 MGA SDO 1018 smpk 16 Sada Sach Samale.m4a",3169
1695331269,"Bhai Mohinder Singh Ji SDO","har ke sa(n)t sunahu jan bhaiee har satigur kee ik saakhee ||",00:33:20,"https://daasstorage13.blob.core.windows.net/ds1/audios/keertan/sdo/yt_mga/018 MGA SDO 1018 smpk 16 Sada Sach Samale.m4a",235
1695331310,"Bhai Mohinder Singh Ji SDO","niradhana. bhaya(n) dhanava(n)teh rogeea(n). rog kha(n)ddaneh ||",00:00:00,"https://daasstorage13.blob.core.windows.net/ds1/audios/keertan/sdo/yt_mga/019 MGA SDO 1019 smpk 17 Rogi Ander Rog Khandene.m4a",4925
1695333184,"Bhai Mohinder Singh Ji SDO","Dhan Sri Harkrishan Sahib Ji",00:00:15,"https://daasstorage13.blob.core.windows.net/ds1/audios/keertan/sdo/yt_mga/019 MGA SDO 1019 smpk 17 Rogi Ander Rog Khandene.m4a",
1695333336,"Bhai Mohinder Singh Ji SDO","satigur sevaa safal hai seviaai fal paavai ||19||",00:04:05,"https://daasstorage13.blob.core.windows.net/ds1/audios/keertan/sdo/yt_mga/019 MGA SDO 1019 smpk 17 Rogi Ander Rog Khandene.m4a",2983
1695334225,"Bhai Mohinder Singh Ji SDO","har har dheeo. sevak kau naam ||",00:11:12,"https://daasstorage13.blob.core.windows.net/ds1/audios/keertan/sdo/yt_mga/019 MGA SDO 1019 smpk 17 Rogi Ander Rog Khandene.m4a",4329
1695334276,"Bhai Mohinder Singh Ji SDO","saadhoo bin aaise abagat jaavai ||1||",00:12:03,"https://daasstorage13.blob.core.windows.net/ds1/audios/keertan/sdo/yt_mga/019 MGA SDO 1019 smpk 17 Rogi Ander Rog Khandene.m4a",3265
1695334344,"Bhai Mohinder Singh Ji SDO","bin saadhoo jo jeevanaa teto birathaaree ||",00:12:45,"https://daasstorage13.blob.core.windows.net/ds1/audios/keertan/sdo/yt_mga/019 MGA SDO 1019 smpk 17 Rogi Ander Rog Khandene.m4a",3053
1696038884,"Bhai Mohinder Singh Ji SDO","sevee satigur aapanaa har simaree. dhin sabh rain ||",00:00:00,"https://daasstorage13.blob.core.windows.net/ds1/audios/keertan/sdo/soundcloud/Bhai Mohinder Singh Ji SDO - har simaree din sabh rainn (Puratan Kirtan)-829711912.mp3",372
1697215764,"Bhai Mohinder Singh Ji SDO","sukh saagar gur chhadd kai bhavajal a(n)dhar bha(n)bhalabhoose |",00:22:26,"https://daasstorage13.blob.core.windows.net/ds1/audios/keertan/sdo/yt_mga/019 MGA SDO 1019 smpk 17 Rogi Ander Rog Khandene.m4a",11368
1697215936,"Bhai Mohinder Singh Ji SDO","vin gur mukat na hoviee jiau(n) ghar vin boohe |13|",00:36:50,"https://daasstorage13.blob.core.windows.net/ds1/audios/keertan/sdo/yt_mga/019 MGA SDO 1019 smpk 17 Rogi Ander Rog Khandene.m4a",11830
1697216068,"Bhai Mohinder Singh Ji SDO","jaa dhin bheTe saadh moh uaa dhin balihaaree ||",00:00:00,"https://daasstorage13.blob.core.windows.net/ds1/audios/keertan/sdo/yt_mga/020 MGA SDO 1020 smpk 18 Bin Sadhu Jo Jeevna.m4a",3053
1697216204,"Bhai Mohinder Singh Ji SDO","gur poore binu, a(n)t khuaaree |15|",00:04:07,"https://daasstorage13.blob.core.windows.net/ds1/audios/keertan/sdo/yt_mga/020 MGA SDO 1020 smpk 18 Bin Sadhu Jo Jeevna.m4a",11205
1697216302,"Bhai Mohinder Singh Ji SDO","koiee ni(n)dhaku. vaddiaaiee dhekh na sakai so karatai aap pachaiaa ||",00:00:00,"https://daasstorage13.blob.core.windows.net/ds1/audios/keertan/sdo/yt_mga/021 MGA SDO 1021 smpk 19 Gur Satgur Vich Nave Ke Vaddi vaadai.m4a",1160
1697216351,"Bhai Mohinder Singh Ji SDO","vin tudhu. hor j ma(n)ganaa sir dhukhaa kai dhukh ||",00:00:25,"https://daasstorage13.blob.core.windows.net/ds1/audios/keertan/sdo/yt_mga/021 MGA SDO 1021 smpk 19 Gur Satgur Vich Nave Ke Vaddi vaadai.m4a",3528
1697216431,"Bhai Mohinder Singh Ji SDO","naam tero aaratee majan muraare ||",00:01:20,"https://daasstorage13.blob.core.windows.net/ds1/audios/keertan/sdo/yt_mga/021 MGA SDO 1021 smpk 19 Gur Satgur Vich Nave Ke Vaddi vaadai.m4a",2645
1697216493,"Bhai Mohinder Singh Ji SDO","veeaahu hoaa mere baabulaa gurmukhe har paiaa ||",00:04:20,"https://daasstorage13.blob.core.windows.net/ds1/audios/keertan/sdo/yt_mga/021 MGA SDO 1021 smpk 19 Gur Satgur Vich Nave Ke Vaddi vaadai.m4a",187
1697216601,"Bhai Mohinder Singh Ji SDO","har ke sa(n)t sunahu jan bhaiee har satigur kee ik saakhee ||",00:05:50,"https://daasstorage13.blob.core.windows.net/ds1/audios/keertan/sdo/yt_mga/021 MGA SDO 1021 smpk 19 Gur Satgur Vich Nave Ke Vaddi vaadai.m4a",235
1697216688,"Bhai Mohinder Singh Ji SDO","satigur naanak pragaTiaa miTee dhu(n)dhu, jag chaanan hoaa |",00:08:45,"https://daasstorage13.blob.core.windows.net/ds1/audios/keertan/sdo/yt_mga/021 MGA SDO 1021 smpk 19 Gur Satgur Vich Nave Ke Vaddi vaadai.m4a",11046
1697216832,"Bhai Mohinder Singh Ji SDO","naanak kee bena(n)teeaa har surajanu. dhekhaa nain ||1||",00:11:35,"https://daasstorage13.blob.core.windows.net/ds1/audios/keertan/sdo/yt_mga/021 MGA SDO 1021 smpk 19 Gur Satgur Vich Nave Ke Vaddi vaadai.m4a",372
1697216975,"Bhai Mohinder Singh Ji SDO","koiee aavai sa(n)to, har kaa jan sa(n)to meraa preetam jan sa(n)to moh maarag dhikhalaavai ||",00:14:55,"https://daasstorage13.blob.core.windows.net/ds1/audios/keertan/sdo/yt_mga/021 MGA SDO 1021 smpk 19 Gur Satgur Vich Nave Ke Vaddi vaadai.m4a",4263
1697217722,"Bhai Mohinder Singh Ji SDO","bhaj man mere eko naam ||",00:26:40,"https://daasstorage13.blob.core.windows.net/ds1/audios/keertan/sdo/yt_mga/021 MGA SDO 1021 smpk 19 Gur Satgur Vich Nave Ke Vaddi vaadai.m4a",600
1697219256,"Bhai Mohinder Singh Ji SDO","se sa(n)jog karahu mere piaare ||",00:40:00,"https://daasstorage13.blob.core.windows.net/ds1/audios/keertan/sdo/yt_mga/021 MGA SDO 1021 smpk 19 Gur Satgur Vich Nave Ke Vaddi vaadai.m4a",2845
1697234564,"Bhai Mohinder Singh Ji SDO","naam binaa sabh dhuneeaa chhaar ||1||",00:45:20,"https://daasstorage13.blob.core.windows.net/ds1/audios/keertan/sdo/yt_mga/021 MGA SDO 1021 smpk 19 Gur Satgur Vich Nave Ke Vaddi vaadai.m4a",4074
1697655257,"Bhai Mohinder Singh Ji SDO","ਹਰਿ ਕੇ ਨਾਮ ਬਿਨੁ ਝੂਠੇ ਸਗਲ ਪਾਸਾਰੇ ",00:49:40,"https://daasstorage13.blob.core.windows.net/ds1/audios/keertan/sdo/yt_mga/021 MGA SDO 1021 smpk 19 Gur Satgur Vich Nave Ke Vaddi vaadai.m4a",
1697655509,"Bhai Mohinder Singh Ji SDO","sabhanaa upaavaa sir upaau hai har naam paraapat hoi ||",00:50:55,"https://daasstorage13.blob.core.windows.net/ds1/audios/keertan/sdo/yt_mga/021 MGA SDO 1021 smpk 19 Gur Satgur Vich Nave Ke Vaddi vaadai.m4a",1910
1697655887,"Bhai Mohinder Singh Ji SDO","jap jap har kaa naam kadhe na jhooreeaai ||",00:55:10,"https://daasstorage13.blob.core.windows.net/ds1/audios/keertan/sdo/yt_mga/021 MGA SDO 1021 smpk 19 Gur Satgur Vich Nave Ke Vaddi vaadai.m4a",1555
1697656520,"Bhai Mohinder Singh Ji SDO","ਨਾਨਕ ਸਤਿਗੁਰ ਵਾਹੁ ਵਾਹੁ ਜਿਸ ਤੇ ਨਾਮੁ ਪਰਾਪਤਿ ਹੋਇ ||",01:00:02,"https://daasstorage13.blob.core.windows.net/ds1/audios/keertan/sdo/yt_mga/021 MGA SDO 1021 smpk 19 Gur Satgur Vich Nave Ke Vaddi vaadai.m4a",
1697656884,"Bhai Mohinder Singh Ji SDO","gurmukh sakhee sahelee meree mo kau dhevahu dhaanu, har praan jeevaiaa ||",01:03:40,"https://daasstorage13.blob.core.windows.net/ds1/audios/keertan/sdo/yt_mga/021 MGA SDO 1021 smpk 19 Gur Satgur Vich Nave Ke Vaddi vaadai.m4a",1842
1697657059,"Bhai Mohinder Singh Ji SDO","naanaka. naam milai taa(n) jeevaa(n) tan man theevai hariaa ||1||",01:05:50,"https://daasstorage13.blob.core.windows.net/ds1/audios/keertan/sdo/yt_mga/021 MGA SDO 1021 smpk 19 Gur Satgur Vich Nave Ke Vaddi vaadai.m4a",5548
